Time,THERMAL ZONE 1:MILANO-LINATE ANN HTG 99.6% CONDNS DB:Des Heat Load [W],THERMAL ZONE 1:MILANO-LINATE ANN CLG .4% CONDNS DB=>MWB:Des Sens Cool Load [W],THERMAL ZONE 1:MILANO-LINATE ANN HTG 99.6% CONDNS DB:Des Heat Mass Flow [kg/s],THERMAL ZONE 1:MILANO-LINATE ANN CLG .4% CONDNS DB=>MWB:Des Cool Mass Flow [kg/s],THERMAL ZONE 2:MILANO-LINATE ANN HTG 99.6% CONDNS DB:Des Heat Load [W],THERMAL ZONE 2:MILANO-LINATE ANN CLG .4% CONDNS DB=>MWB:Des Sens Cool Load [W],THERMAL ZONE 2:MILANO-LINATE ANN HTG 99.6% CONDNS DB:Des Heat Mass Flow [kg/s],THERMAL ZONE 2:MILANO-LINATE ANN CLG .4% CONDNS DB=>MWB:Des Cool Mass Flow [kg/s],THERMAL ZONE 3:MILANO-LINATE ANN HTG 99.6% CONDNS DB:Des Heat Load [W],THERMAL ZONE 3:MILANO-LINATE ANN CLG .4% CONDNS DB=>MWB:Des Sens Cool Load [W],THERMAL ZONE 3:MILANO-LINATE ANN HTG 99.6% CONDNS DB:Des Heat Mass Flow [kg/s],THERMAL ZONE 3:MILANO-LINATE ANN CLG .4% CONDNS DB=>MWB:Des Cool Mass Flow [kg/s],THERMAL ZONE 4:MILANO-LINATE ANN HTG 99.6% CONDNS DB:Des Heat Load [W],THERMAL ZONE 4:MILANO-LINATE ANN CLG .4% CONDNS DB=>MWB:Des Sens Cool Load [W],THERMAL ZONE 4:MILANO-LINATE ANN HTG 99.6% CONDNS DB:Des Heat Mass Flow [kg/s],THERMAL ZONE 4:MILANO-LINATE ANN CLG .4% CONDNS DB=>MWB:Des Cool Mass Flow [kg/s],THERMAL ZONE 5:MILANO-LINATE ANN HTG 99.6% CONDNS DB:Des Heat Load [W],THERMAL ZONE 5:MILANO-LINATE ANN CLG .4% CONDNS DB=>MWB:Des Sens Cool Load [W],THERMAL ZONE 5:MILANO-LINATE ANN HTG 99.6% CONDNS DB:Des Heat Mass Flow [kg/s],THERMAL ZONE 5:MILANO-LINATE ANN CLG .4% CONDNS DB=>MWB:Des Cool Mass Flow [kg/s],THERMAL ZONE 6:MILANO-LINATE ANN HTG 99.6% CONDNS DB:Des Heat Load [W],THERMAL ZONE 6:MILANO-LINATE ANN CLG .4% CONDNS DB=>MWB:Des Sens Cool Load [W],THERMAL ZONE 6:MILANO-LINATE ANN HTG 99.6% CONDNS DB:Des Heat Mass Flow [kg/s],THERMAL ZONE 6:MILANO-LINATE ANN CLG .4% CONDNS DB=>MWB:Des Cool Mass Flow [kg/s]
00:15:00,2.821241E+04,2.275047E+03,1.455983E+00,1.755305E-01,1.365791E+03,8.464184E+03,7.049418E-02,6.532339E-01,2.953949E+04,1.563474E+04,1.524472E+00,1.206498E+00,9.015061E+02,1.146078E+04,4.653050E-02,8.845155E-01,4.625046E+04,1.755433E+04,2.386358E+00,1.354971E+00,4.212890E+03,3.436980E+03,2.173930E-01,2.652688E-01
00:30:00,2.821241E+04,2.419262E+03,1.455983E+00,1.866558E-01,1.365793E+03,8.456095E+03,7.049427E-02,6.525858E-01,2.953955E+04,1.555258E+04,1.524474E+00,1.200139E+00,9.015129E+02,1.143452E+04,4.653085E-02,8.824704E-01,4.625059E+04,1.738193E+04,2.386365E+00,1.341673E+00,4.212920E+03,3.434874E+03,2.173946E-01,2.651065E-01
00:45:00,2.821240E+04,2.372212E+03,1.455983E+00,1.830269E-01,1.365794E+03,8.442454E+03,7.049435E-02,6.515114E-01,2.953960E+04,1.546254E+04,1.524477E+00,1.193173E+00,9.015196E+02,1.140796E+04,4.653120E-02,8.803997E-01,4.625071E+04,1.719980E+04,2.386371E+00,1.327613E+00,4.212949E+03,3.429417E+03,2.173960E-01,2.646843E-01
01:00:00,2.821240E+04,2.309383E+03,1.455983E+00,1.781793E-01,1.365796E+03,8.425449E+03,7.049443E-02,6.501701E-01,2.953964E+04,1.537012E+04,1.524479E+00,1.186026E+00,9.015262E+02,1.138238E+04,4.653153E-02,8.783838E-01,4.625082E+04,1.701517E+04,2.386377E+00,1.313355E+00,4.212976E+03,3.422080E+03,2.173974E-01,2.641168E-01
01:15:00,2.821243E+04,2.250138E+03,1.455984E+00,1.736080E-01,1.365798E+03,8.438758E+03,7.049452E-02,6.511563E-01,2.953974E+04,1.529125E+04,1.524484E+00,1.179927E+00,9.015340E+02,1.138836E+04,4.653194E-02,8.787791E-01,4.625098E+04,1.684611E+04,2.386385E+00,1.300297E+00,4.213002E+03,3.416013E+03,2.173988E-01,2.636470E-01
01:30:00,2.821246E+04,2.186903E+03,1.455985E+00,1.687288E-01,1.365799E+03,8.451013E+03,7.049461E-02,6.520529E-01,2.953984E+04,1.521516E+04,1.524489E+00,1.174042E+00,9.015417E+02,1.139494E+04,4.653234E-02,8.792051E-01,4.625114E+04,1.668275E+04,2.386393E+00,1.287677E+00,4.213028E+03,3.409322E+03,2.174001E-01,2.631288E-01
01:45:00,2.821248E+04,2.121968E+03,1.455987E+00,1.637184E-01,1.365801E+03,8.460735E+03,7.049469E-02,6.527638E-01,2.953993E+04,1.514221E+04,1.524494E+00,1.168402E+00,9.015492E+02,1.140057E+04,4.653272E-02,8.795771E-01,4.625129E+04,1.652637E+04,2.386401E+00,1.275598E+00,4.213052E+03,3.402284E+03,2.174013E-01,2.625841E-01
02:00:00,2.821251E+04,2.057085E+03,1.455988E+00,1.587121E-01,1.365802E+03,8.468213E+03,7.049477E-02,6.533182E-01,2.954002E+04,1.507280E+04,1.524499E+00,1.163038E+00,9.015566E+02,1.140531E+04,4.653311E-02,8.799094E-01,4.625143E+04,1.637857E+04,2.386408E+00,1.264184E+00,4.213075E+03,3.395166E+03,2.174025E-01,2.620338E-01
02:15:00,2.821253E+04,1.991004E+03,1.455989E+00,1.536133E-01,1.365804E+03,8.473935E+03,7.049484E-02,6.537502E-01,2.954011E+04,1.500473E+04,1.524503E+00,1.157780E+00,9.015639E+02,1.140944E+04,4.653348E-02,8.802171E-01,4.625157E+04,1.623535E+04,2.386415E+00,1.253125E+00,4.213097E+03,3.387751E+03,2.174037E-01,2.614610E-01
02:30:00,2.821255E+04,1.924262E+03,1.455990E+00,1.484636E-01,1.365805E+03,8.478361E+03,7.049491E-02,6.540887E-01,2.954019E+04,1.493797E+04,1.524507E+00,1.152624E+00,9.015710E+02,1.141321E+04,4.653385E-02,8.805054E-01,4.625170E+04,1.609758E+04,2.386422E+00,1.242490E+00,4.213118E+03,3.380241E+03,2.174047E-01,2.608811E-01
02:45:00,2.821257E+04,1.857674E+03,1.455991E+00,1.433258E-01,1.365806E+03,8.481801E+03,7.049497E-02,6.543533E-01,2.954027E+04,1.487267E+04,1.524512E+00,1.147583E+00,9.015780E+02,1.141669E+04,4.653421E-02,8.807736E-01,4.625183E+04,1.596559E+04,2.386429E+00,1.232302E+00,4.213138E+03,3.372884E+03,2.174058E-01,2.603134E-01
03:00:00,2.821259E+04,1.792330E+03,1.455993E+00,1.382840E-01,1.365808E+03,8.484446E+03,7.049504E-02,6.545569E-01,2.954035E+04,1.480925E+04,1.524516E+00,1.142687E+00,9.015849E+02,1.141989E+04,4.653456E-02,8.810199E-01,4.625195E+04,1.583971E+04,2.386435E+00,1.222585E+00,4.213158E+03,3.365115E+03,2.174068E-01,2.597141E-01
03:15:00,2.821261E+04,1.725097E+03,1.455994E+00,1.330965E-01,1.365809E+03,8.486487E+03,7.049510E-02,6.547140E-01,2.954043E+04,1.474477E+04,1.524520E+00,1.137711E+00,9.015916E+02,1.142283E+04,4.653491E-02,8.812462E-01,4.625207E+04,1.571578E+04,2.386441E+00,1.213019E+00,4.213177E+03,3.356389E+03,2.174078E-01,2.590402E-01
03:30:00,2.821263E+04,1.656258E+03,1.455995E+00,1.277851E-01,1.365810E+03,8.488034E+03,7.049515E-02,6.548330E-01,2.954050E+04,1.467920E+04,1.524524E+00,1.132650E+00,9.015982E+02,1.142552E+04,4.653525E-02,8.814533E-01,4.625218E+04,1.559560E+04,2.386447E+00,1.203742E+00,4.213195E+03,3.346531E+03,2.174087E-01,2.582785E-01
03:45:00,2.821265E+04,1.586012E+03,1.455996E+00,1.223652E-01,1.365811E+03,8.489186E+03,7.049521E-02,6.549217E-01,2.954058E+04,1.461259E+04,1.524527E+00,1.127510E+00,9.016046E+02,1.142797E+04,4.653558E-02,8.816423E-01,4.625229E+04,1.546923E+04,2.386453E+00,1.193989E+00,4.213212E+03,3.335356E+03,2.174096E-01,2.574148E-01
04:00:00,2.821267E+04,1.514501E+03,1.455996E+00,1.168476E-01,1.365812E+03,8.490025E+03,7.049526E-02,6.549863E-01,2.954065E+04,1.454475E+04,1.524531E+00,1.122275E+00,9.016110E+02,1.143020E+04,4.653591E-02,8.818143E-01,4.625240E+04,1.533584E+04,2.386458E+00,1.183689E+00,4.213229E+03,3.323469E+03,2.174105E-01,2.564955E-01
04:15:00,2.821269E+04,1.445553E+03,1.455997E+00,1.115278E-01,1.365813E+03,8.490610E+03,7.049532E-02,6.550314E-01,2.954071E+04,1.447886E+04,1.524534E+00,1.117190E+00,9.016172E+02,1.143221E+04,4.653623E-02,8.819694E-01,4.625250E+04,1.519824E+04,2.386464E+00,1.173061E+00,4.213245E+03,3.311434E+03,2.174113E-01,2.555655E-01
04:30:00,2.821270E+04,1.379689E+03,1.455998E+00,1.064460E-01,1.365814E+03,8.490991E+03,7.049537E-02,6.550608E-01,2.954078E+04,1.441519E+04,1.524538E+00,1.112277E+00,9.016232E+02,1.143402E+04,4.653655E-02,8.821086E-01,4.625260E+04,1.505390E+04,2.386469E+00,1.161911E+00,4.213261E+03,3.299417E+03,2.174121E-01,2.546370E-01
04:45:00,2.821272E+04,1.317127E+03,1.455999E+00,1.016190E-01,1.365815E+03,8.491212E+03,7.049542E-02,6.550779E-01,2.954084E+04,1.435384E+04,1.524541E+00,1.107542E+00,9.016292E+02,1.143563E+04,4.653685E-02,8.822328E-01,4.625270E+04,1.491223E+04,2.386474E+00,1.150963E+00,4.213276E+03,3.287496E+03,2.174129E-01,2.537162E-01
05:00:00,2.821274E+04,1.258060E+03,1.456000E+00,9.706171E-02,1.365816E+03,8.491309E+03,7.049547E-02,6.550853E-01,2.954091E+04,1.429507E+04,1.524544E+00,1.103008E+00,9.016350E+02,1.143705E+04,4.653715E-02,8.823429E-01,4.625279E+04,1.477355E+04,2.386478E+00,1.140251E+00,4.213291E+03,3.275748E+03,2.174136E-01,2.528088E-01
05:15:00,2.821275E+04,1.256991E+03,1.456001E+00,9.697904E-02,1.365817E+03,8.491323E+03,7.049552E-02,6.550864E-01,2.954097E+04,1.427512E+04,1.524548E+00,1.101468E+00,9.016407E+02,1.143833E+04,4.653745E-02,8.824414E-01,4.625288E+04,1.467495E+04,2.386483E+00,1.132634E+00,4.213305E+03,3.265610E+03,2.174144E-01,2.520258E-01
05:30:00,2.821277E+04,1.378975E+03,1.456001E+00,1.063904E-01,1.365818E+03,8.491426E+03,7.049557E-02,6.550943E-01,2.954102E+04,1.433368E+04,1.524551E+00,1.105987E+00,9.016463E+02,1.143957E+04,4.653774E-02,8.825366E-01,4.625296E+04,1.464850E+04,2.386487E+00,1.130588E+00,4.213318E+03,3.257188E+03,2.174151E-01,2.513753E-01
05:45:00,2.821278E+04,1.657449E+03,1.456002E+00,1.278763E-01,1.365819E+03,8.492017E+03,7.049561E-02,6.551399E-01,2.954108E+04,1.449285E+04,1.524553E+00,1.118270E+00,9.016518E+02,1.144104E+04,4.653802E-02,8.826501E-01,4.625305E+04,1.471554E+04,2.386492E+00,1.135762E+00,4.213332E+03,3.250704E+03,2.174158E-01,2.508744E-01
06:00:00,2.821279E+04,2.081696E+03,1.456003E+00,1.606104E-01,1.365820E+03,8.493654E+03,7.049566E-02,6.552663E-01,2.954114E+04,1.474912E+04,1.524556E+00,1.138046E+00,9.016571E+02,1.144316E+04,4.653829E-02,8.828139E-01,4.625313E+04,1.487744E+04,2.386496E+00,1.148261E+00,4.213344E+03,3.246475E+03,2.174164E-01,2.505477E-01
06:15:00,2.738708E+04,1.002578E+04,1.413390E+00,8.324976E-01,1.365821E+03,1.089682E+04,7.049571E-02,9.036390E-01,2.871478E+04,2.122608E+04,1.481910E+00,1.730218E+00,9.016623E+02,1.355358E+04,4.653856E-02,1.116238E+00,4.348782E+04,2.105610E+04,2.243816E+00,1.713633E+00,3.825701E+03,4.432593E+03,1.974133E-01,3.603754E-01
06:30:00,2.656068E+04,1.072745E+04,1.370745E+00,9.105057E-01,1.365821E+03,1.223477E+04,7.049575E-02,1.079193E+00,2.788777E+04,2.153292E+04,1.439233E+00,1.836090E+00,9.016675E+02,1.472938E+04,4.653883E-02,1.291331E+00,4.071900E+04,2.197019E+04,2.100984E+00,1.879881E+00,3.437215E+03,4.514483E+03,1.773694E-01,3.853015E-01
06:45:00,2.573390E+04,1.563514E+04,1.328084E+00,1.403659E+00,1.365822E+03,1.433387E+04,7.049579E-02,1.330109E+00,2.706033E+04,2.579496E+04,1.396539E+00,2.331462E+00,9.016724E+02,1.666404E+04,4.653908E-02,1.541594E+00,3.794959E+04,2.687113E+04,1.958140E+00,2.438302E+00,3.049017E+03,5.380489E+03,1.573408E-01,4.870849E-01
07:00:00,2.490642E+04,1.935509E+04,1.285392E+00,1.783432E+00,1.365823E+03,1.630872E+04,7.049581E-02,1.569372E+00,2.623219E+04,2.907182E+04,1.353814E+00,2.732246E+00,9.016767E+02,1.848331E+04,4.653931E-02,1.781034E+00,3.517812E+04,3.075748E+04,1.815209E+00,2.898801E+00,2.660627E+03,6.038230E+03,1.373027E-01,5.684899E-01
07:15:00,2.490414E+04,1.564341E+04,1.285291E+00,1.533562E+00,1.365822E+03,1.596889E+04,7.049578E-02,1.568996E+00,2.622993E+04,2.621256E+04,1.353716E+00,2.569483E+00,9.016801E+02,1.828436E+04,4.653948E-02,1.796138E+00,3.517066E+04,2.870870E+04,1.814909E+00,2.814540E+00,2.659787E+03,5.501038E+03,1.372633E-01,5.392678E-01
07:30:00,2.490214E+04,1.916775E+04,1.285205E+00,1.879204E+00,1.365820E+03,1.678586E+04,7.049568E-02,1.650377E+00,2.622793E+04,2.957590E+04,1.353631E+00,2.899520E+00,9.016819E+02,1.911475E+04,4.653957E-02,1.878836E+00,3.516580E+04,3.198148E+04,1.814725E+00,3.135763E+00,2.659705E+03,6.065837E+03,1.372606E-01,5.947028E-01
07:45:00,2.490024E+04,1.845264E+04,1.285123E+00,1.809389E+00,1.365816E+03,1.693306E+04,7.049548E-02,1.665358E+00,2.622605E+04,2.902125E+04,1.353550E+00,2.845499E+00,9.016815E+02,1.928046E+04,4.653955E-02,1.895619E+00,3.516088E+04,3.131602E+04,1.814525E+00,3.070793E+00,2.659259E+03,5.847495E+03,1.372390E-01,5.733538E-01
08:00:00,2.489882E+04,1.890216E+04,1.285061E+00,1.853429E+00,1.365810E+03,1.729611E+04,7.049517E-02,1.701027E+00,2.622467E+04,2.949572E+04,1.353492E+00,2.892091E+00,9.016787E+02,1.965563E+04,4.653941E-02,1.932513E+00,3.515754E+04,3.172070E+04,1.814390E+00,3.110440E+00,2.658938E+03,5.840578E+03,1.372236E-01,5.726771E-01
08:15:00,2.489775E+04,1.934765E+04,1.285014E+00,1.897123E+00,1.365802E+03,1.767705E+04,7.049477E-02,1.738400E+00,2.622364E+04,3.001243E+04,1.353447E+00,2.942773E+00,9.016736E+02,2.004704E+04,4.653914E-02,1.970962E+00,3.515520E+04,3.218198E+04,1.814291E+00,3.155650E+00,2.658663E+03,5.845638E+03,1.372104E-01,5.731733E-01
08:30:00,2.489694E+04,1.981328E+04,1.284978E+00,1.942801E+00,1.365793E+03,1.807147E+04,7.049428E-02,1.777179E+00,2.622286E+04,3.055823E+04,1.353413E+00,2.996292E+00,9.016665E+02,2.044998E+04,4.653878E-02,2.010617E+00,3.515348E+04,3.269249E+04,1.814215E+00,3.205705E+00,2.658421E+03,5.861973E+03,1.371987E-01,5.747762E-01
08:45:00,2.489633E+04,2.028712E+04,1.284951E+00,1.989286E+00,1.365783E+03,1.847953E+04,7.049375E-02,1.817343E+00,2.622226E+04,3.112024E+04,1.353386E+00,3.051403E+00,9.016580E+02,2.086467E+04,4.653834E-02,2.051454E+00,3.515217E+04,3.323792E+04,1.814154E+00,3.259195E+00,2.658207E+03,5.887666E+03,1.371883E-01,5.772980E-01
09:00:00,2.489585E+04,2.076406E+04,1.284929E+00,2.036079E+00,1.365772E+03,1.890068E+04,7.049320E-02,1.858796E+00,2.622178E+04,3.169033E+04,1.353364E+00,3.107308E+00,9.016486E+02,2.129068E+04,4.653785E-02,2.093396E+00,3.515114E+04,3.380829E+04,1.814105E+00,3.315131E+00,2.658018E+03,5.921482E+03,1.371791E-01,5.806168E-01
09:15:00,2.489548E+04,2.121223E+04,1.284912E+00,2.080055E+00,1.365761E+03,1.931168E+04,7.049266E-02,1.899250E+00,2.622140E+04,3.222589E+04,1.353346E+00,3.159824E+00,9.016387E+02,2.170497E+04,4.653734E-02,2.134177E+00,3.515032E+04,3.435918E+04,1.814066E+00,3.369156E+00,2.657852E+03,5.958899E+03,1.371709E-01,5.842884E-01
09:30:00,2.489519E+04,2.163366E+04,1.284899E+00,2.121401E+00,1.365751E+03,1.971213E+04,7.049214E-02,1.938665E+00,2.622108E+04,3.272613E+04,1.353332E+00,3.208874E+00,9.016285E+02,2.210735E+04,4.653682E-02,2.173780E+00,3.514965E+04,3.488726E+04,1.814033E+00,3.420939E+00,2.657706E+03,5.999195E+03,1.371637E-01,5.882417E-01
09:45:00,2.489497E+04,2.202992E+04,1.284888E+00,2.160271E+00,1.365742E+03,2.010160E+04,7.049166E-02,1.977002E+00,2.622082E+04,3.319125E+04,1.353319E+00,3.254476E+00,9.016184E+02,2.249758E+04,4.653630E-02,2.212189E+00,3.514910E+04,3.539077E+04,1.814006E+00,3.470310E+00,2.657577E+03,6.041769E+03,1.371574E-01,5.924179E-01
10:00:00,2.489479E+04,2.240292E+04,1.284879E+00,2.196851E+00,1.365734E+03,2.047978E+04,7.049122E-02,2.014230E+00,2.622059E+04,3.362034E+04,1.353308E+00,3.296545E+00,9.016084E+02,2.287554E+04,4.653578E-02,2.249388E+00,3.514864E+04,3.586818E+04,1.813982E+00,3.517120E+00,2.657464E+03,6.086182E+03,1.371517E-01,5.967741E-01
10:15:00,2.489464E+04,2.274915E+04,1.284873E+00,2.230795E+00,1.365726E+03,2.084653E+04,7.049082E-02,2.050335E+00,2.622039E+04,3.401243E+04,1.353298E+00,3.334984E+00,9.015986E+02,2.324124E+04,4.653527E-02,2.285381E+00,3.514823E+04,3.631822E+04,1.813962E+00,3.561247E+00,2.657363E+03,6.132130E+03,1.371468E-01,6.012806E-01
10:30:00,2.489453E+04,2.306913E+04,1.284867E+00,2.262166E+00,1.365719E+03,2.120164E+04,7.049046E-02,2.085296E+00,2.622021E+04,3.436887E+04,1.353289E+00,3.369928E+00,9.015890E+02,2.359462E+04,4.653478E-02,2.320161E+00,3.514788E+04,3.674193E+04,1.813944E+00,3.602792E+00,2.657275E+03,6.179346E+03,1.371423E-01,6.059113E-01
10:45:00,2.489443E+04,2.336672E+04,1.284862E+00,2.291342E+00,1.365713E+03,2.154495E+04,7.049015E-02,2.119095E+00,2.622005E+04,3.469379E+04,1.353281E+00,3.401783E+00,9.015796E+02,2.393565E+04,4.653429E-02,2.353724E+00,3.514757E+04,3.714315E+04,1.813928E+00,3.642130E+00,2.657196E+03,6.227620E+03,1.371384E-01,6.106457E-01
11:00:00,2.489435E+04,2.364481E+04,1.284858E+00,2.318607E+00,1.365707E+03,2.187636E+04,7.048987E-02,2.151723E+00,2.621990E+04,3.499103E+04,1.353274E+00,3.430924E+00,9.015705E+02,2.426434E+04,4.653382E-02,2.386074E+00,3.514728E+04,3.752538E+04,1.813913E+00,3.679608E+00,2.657125E+03,6.276795E+03,1.371349E-01,6.154683E-01
11:15:00,2.489428E+04,2.390487E+04,1.284855E+00,2.344105E+00,1.365703E+03,2.217946E+04,7.048962E-02,2.181566E+00,2.621977E+04,3.526393E+04,1.353267E+00,3.457679E+00,9.015615E+02,2.456438E+04,4.653336E-02,2.415605E+00,3.514702E+04,3.788951E+04,1.813900E+00,3.715311E+00,2.657063E+03,6.324134E+03,1.371317E-01,6.201107E-01
11:30:00,2.489423E+04,2.416306E+04,1.284852E+00,2.369420E+00,1.365698E+03,2.245435E+04,7.048940E-02,2.208630E+00,2.621964E+04,3.553211E+04,1.353260E+00,3.483971E+00,9.015528E+02,2.483598E+04,4.653291E-02,2.442335E+00,3.514679E+04,3.825498E+04,1.813888E+00,3.751146E+00,2.657006E+03,6.369626E+03,1.371289E-01,6.245718E-01
11:45:00,2.489418E+04,2.442332E+04,1.284850E+00,2.394938E+00,1.365695E+03,2.270119E+04,7.048921E-02,2.232930E+00,2.621952E+04,3.580329E+04,1.353254E+00,3.510559E+00,9.015443E+02,2.507939E+04,4.653247E-02,2.466290E+00,3.514656E+04,3.863082E+04,1.813876E+00,3.787998E+00,2.656955E+03,6.413298E+03,1.371263E-01,6.288541E-01
12:00:00,2.489413E+04,2.468737E+04,1.284847E+00,2.420831E+00,1.365691E+03,2.292019E+04,7.048904E-02,2.254489E+00,2.621940E+04,3.608211E+04,1.353248E+00,3.537898E+00,9.015359E+02,2.529495E+04,4.653204E-02,2.487502E+00,3.514636E+04,3.902318E+04,1.813866E+00,3.826471E+00,2.656908E+03,6.455210E+03,1.371239E-01,6.329638E-01
12:15:00,2.489409E+04,2.495773E+04,1.284845E+00,2.447341E+00,1.365689E+03,2.312813E+04,7.048889E-02,2.274955E+00,2.621929E+04,3.637255E+04,1.353243E+00,3.566376E+00,9.015277E+02,2.549952E+04,4.653161E-02,2.507631E+00,3.514616E+04,3.943935E+04,1.813856E+00,3.867280E+00,2.656866E+03,6.498072E+03,1.371218E-01,6.371665E-01
12:30:00,2.489406E+04,2.522039E+04,1.284844E+00,2.473098E+00,1.365686E+03,2.332508E+04,7.048876E-02,2.294343E+00,2.621919E+04,3.665982E+04,1.353237E+00,3.594544E+00,9.015196E+02,2.569325E+04,4.653120E-02,2.526695E+00,3.514598E+04,3.986531E+04,1.813846E+00,3.909050E+00,2.656827E+03,6.541866E+03,1.371198E-01,6.414606E-01
12:45:00,2.489403E+04,2.547086E+04,1.284842E+00,2.497659E+00,1.365684E+03,2.351115E+04,7.048864E-02,2.312660E+00,2.621909E+04,3.693777E+04,1.353232E+00,3.621797E+00,9.015117E+02,2.587625E+04,4.653079E-02,2.544706E+00,3.514580E+04,4.029383E+04,1.813837E+00,3.951069E+00,2.656791E+03,6.586532E+03,1.371180E-01,6.458404E-01
13:00:00,2.489400E+04,2.570741E+04,1.284841E+00,2.520854E+00,1.365682E+03,2.368633E+04,7.048853E-02,2.329907E+00,2.621899E+04,3.720338E+04,1.353227E+00,3.647839E+00,9.015039E+02,2.604855E+04,4.653039E-02,2.561663E+00,3.514563E+04,4.072027E+04,1.813829E+00,3.992884E+00,2.656757E+03,6.631945E+03,1.371163E-01,6.502933E-01
13:15:00,2.489397E+04,2.592245E+04,1.284839E+00,2.541940E+00,1.365680E+03,2.384524E+04,7.048844E-02,2.345553E+00,2.621890E+04,3.744808E+04,1.353222E+00,3.671831E+00,9.014963E+02,2.620474E+04,4.652999E-02,2.577035E+00,3.514548E+04,4.113395E+04,1.813820E+00,4.033447E+00,2.656726E+03,6.677072E+03,1.371147E-01,6.547182E-01
13:30:00,2.489394E+04,2.611447E+04,1.284838E+00,2.560767E+00,1.365678E+03,2.398784E+04,7.048835E-02,2.359593E+00,2.621880E+04,3.766960E+04,1.353217E+00,3.693548E+00,9.014888E+02,2.634481E+04,4.652961E-02,2.590819E+00,3.514533E+04,4.153111E+04,1.813813E+00,4.072387E+00,2.656697E+03,6.721716E+03,1.371132E-01,6.590956E-01
13:45:00,2.489392E+04,2.628236E+04,1.284837E+00,2.577229E+00,1.365676E+03,2.411411E+04,7.048827E-02,2.372024E+00,2.621872E+04,3.786625E+04,1.353213E+00,3.712827E+00,9.014814E+02,2.646872E+04,4.652923E-02,2.603012E+00,3.514518E+04,4.190854E+04,1.813805E+00,4.109393E+00,2.656670E+03,6.765653E+03,1.371118E-01,6.634035E-01
14:00:00,2.489390E+04,2.642939E+04,1.284836E+00,2.591644E+00,1.365675E+03,2.422401E+04,7.048819E-02,2.382844E+00,2.621863E+04,3.804102E+04,1.353209E+00,3.729959E+00,9.014742E+02,2.657643E+04,4.652885E-02,2.613612E+00,3.514504E+04,4.226750E+04,1.813798E+00,4.144587E+00,2.656644E+03,6.808650E+03,1.371105E-01,6.676192E-01
14:15:00,2.489388E+04,2.656698E+04,1.284834E+00,2.605133E+00,1.365673E+03,2.430674E+04,7.048812E-02,2.390991E+00,2.621855E+04,3.820631E+04,1.353204E+00,3.746162E+00,9.014671E+02,2.665716E+04,4.652849E-02,2.621556E+00,3.514491E+04,4.261658E+04,1.813791E+00,4.178811E+00,2.656620E+03,6.848754E+03,1.371092E-01,6.715511E-01
14:30:00,2.489386E+04,2.670379E+04,1.284833E+00,2.618548E+00,1.365672E+03,2.436236E+04,7.048805E-02,2.396466E+00,2.621847E+04,3.837402E+04,1.353200E+00,3.762604E+00,9.014601E+02,2.671098E+04,4.652813E-02,2.626849E+00,3.514478E+04,4.296740E+04,1.813785E+00,4.213207E+00,2.656597E+03,6.885785E+03,1.371081E-01,6.751815E-01
14:45:00,2.489384E+04,2.684481E+04,1.284833E+00,2.632376E+00,1.365671E+03,2.439093E+04,7.048799E-02,2.399277E+00,2.621839E+04,3.855278E+04,1.353196E+00,3.780129E+00,9.014533E+02,2.673801E+04,4.652777E-02,2.629505E+00,3.514466E+04,4.332872E+04,1.813778E+00,4.248633E+00,2.656575E+03,6.919613E+03,1.371069E-01,6.784977E-01
15:00:00,2.489382E+04,2.699034E+04,1.284832E+00,2.646648E+00,1.365670E+03,2.439260E+04,7.048793E-02,2.399438E+00,2.621832E+04,3.874537E+04,1.353192E+00,3.799012E+00,9.014466E+02,2.673842E+04,4.652743E-02,2.629540E+00,3.514454E+04,4.370407E+04,1.813772E+00,4.285435E+00,2.656554E+03,6.950151E+03,1.371059E-01,6.814912E-01
15:15:00,2.489381E+04,2.711109E+04,1.284831E+00,2.658490E+00,1.365669E+03,2.436205E+04,7.048787E-02,2.396428E+00,2.621825E+04,3.892327E+04,1.353189E+00,3.816454E+00,9.014400E+02,2.670695E+04,4.652708E-02,2.626438E+00,3.514443E+04,4.406569E+04,1.813766E+00,4.320892E+00,2.656534E+03,6.976452E+03,1.371048E-01,6.840691E-01
15:30:00,2.489379E+04,2.719665E+04,1.284830E+00,2.666879E+00,1.365668E+03,2.429934E+04,7.048782E-02,2.390251E+00,2.621818E+04,3.907425E+04,1.353185E+00,3.831256E+00,9.014335E+02,2.664365E+04,4.652675E-02,2.620202E+00,3.514432E+04,4.440045E+04,1.813761E+00,4.353713E+00,2.656515E+03,6.998380E+03,1.371039E-01,6.862182E-01
15:45:00,2.489377E+04,2.724023E+04,1.284829E+00,2.671147E+00,1.365667E+03,2.420441E+04,7.048776E-02,2.380901E+00,2.621811E+04,3.918908E+04,1.353182E+00,3.842510E+00,9.014271E+02,2.654846E+04,4.652642E-02,2.610827E+00,3.514422E+04,4.469709E+04,1.813755E+00,4.382794E+00,2.656497E+03,7.015726E+03,1.371029E-01,6.879178E-01
16:00:00,2.489376E+04,2.723477E+04,1.284828E+00,2.670606E+00,1.365666E+03,2.407716E+04,7.048771E-02,2.368370E+00,2.621805E+04,3.925880E+04,1.353178E+00,3.849340E+00,9.014209E+02,2.642126E+04,4.652610E-02,2.598301E+00,3.514412E+04,4.494397E+04,1.813750E+00,4.406995E+00,2.656479E+03,7.028219E+03,1.371020E-01,6.891416E-01
16:15:00,2.489375E+04,2.720077E+04,1.284828E+00,2.667264E+00,1.365665E+03,2.393909E+04,7.048766E-02,2.354771E+00,2.621798E+04,3.930217E+04,1.353175E+00,3.853585E+00,9.014148E+02,2.628351E+04,4.652579E-02,2.584734E+00,3.514402E+04,4.515978E+04,1.813745E+00,4.428146E+00,2.656462E+03,7.039002E+03,1.371011E-01,6.901977E-01
16:30:00,2.489373E+04,2.713578E+04,1.284827E+00,2.660885E+00,1.365664E+03,2.378998E+04,7.048761E-02,2.340089E+00,2.621792E+04,3.931484E+04,1.353172E+00,3.854820E+00,9.014088E+02,2.613498E+04,4.652548E-02,2.570108E+00,3.514392E+04,4.533728E+04,1.813740E+00,4.445542E+00,2.656446E+03,7.047666E+03,1.371003E-01,6.910461E-01
16:45:00,2.489372E+04,2.703723E+04,1.284826E+00,2.651216E+00,1.365663E+03,2.362973E+04,7.048756E-02,2.324312E+00,2.621786E+04,3.929209E+04,1.353169E+00,3.852582E+00,9.014030E+02,2.597552E+04,4.652518E-02,2.554409E+00,3.514383E+04,4.546979E+04,1.813736E+00,4.458527E+00,2.656430E+03,7.053889E+03,1.370995E-01,6.916553E-01
17:00:00,2.489371E+04,2.690259E+04,1.284826E+00,2.638007E+00,1.365662E+03,2.345820E+04,7.048752E-02,2.307427E+00,2.621780E+04,3.922921E+04,1.353166E+00,3.846410E+00,9.013973E+02,2.580496E+04,4.652488E-02,2.537618E+00,3.514375E+04,4.555107E+04,1.813731E+00,4.466488E+00,2.656415E+03,7.057360E+03,1.370987E-01,6.919947E-01
17:15:00,2.489369E+04,2.672020E+04,1.284825E+00,2.620116E+00,1.365661E+03,2.327521E+04,7.048747E-02,2.289412E+00,2.621775E+04,3.911127E+04,1.353163E+00,3.834840E+00,9.013916E+02,2.562308E+04,4.652459E-02,2.519713E+00,3.514366E+04,4.556565E+04,1.813727E+00,4.467909E+00,2.656401E+03,7.057805E+03,1.370980E-01,6.920374E-01
17:30:00,2.489368E+04,2.649721E+04,1.284824E+00,2.598242E+00,1.365660E+03,2.308060E+04,7.048742E-02,2.270254E+00,2.621769E+04,3.894391E+04,1.353160E+00,3.818423E+00,9.013861E+02,2.542969E+04,4.652431E-02,2.500676E+00,3.514358E+04,4.551636E+04,1.813723E+00,4.463067E+00,2.656387E+03,7.054945E+03,1.370973E-01,6.917560E-01
17:45:00,2.489367E+04,2.623680E+04,1.284824E+00,2.572700E+00,1.365659E+03,2.287420E+04,7.048738E-02,2.249935E+00,2.621764E+04,3.872930E+04,1.353157E+00,3.797374E+00,9.013808E+02,2.522459E+04,4.652403E-02,2.480486E+00,3.514350E+04,4.540367E+04,1.813719E+00,4.452006E+00,2.656374E+03,7.048420E+03,1.370966E-01,6.911152E-01
18:00:00,2.489366E+04,2.593892E+04,1.284823E+00,2.543482E+00,1.365658E+03,2.265588E+04,7.048733E-02,2.228442E+00,2.621759E+04,3.846636E+04,1.353155E+00,3.771586E+00,9.013755E+02,2.500762E+04,4.652376E-02,2.459129E+00,3.514343E+04,4.522573E+04,1.813715E+00,4.434549E+00,2.656361E+03,7.037910E+03,1.370959E-01,6.900838E-01
18:15:00,2.571937E+04,2.559231E+04,1.327440E+00,2.509487E+00,1.365657E+03,2.240889E+04,7.048729E-02,2.204125E+00,2.704396E+04,3.814301E+04,1.395806E+00,3.739875E+00,9.013704E+02,2.476204E+04,4.652349E-02,2.434956E+00,3.790873E+04,4.496740E+04,1.956429E+00,4.409210E+00,3.044004E+03,7.020437E+03,1.571023E-01,6.883694E-01
18:30:00,2.654533E+04,2.518452E+04,1.370069E+00,2.469493E+00,1.365657E+03,2.213309E+04,7.048725E-02,2.176970E+00,2.787055E+04,3.774441E+04,1.438467E+00,3.700786E+00,9.013653E+02,2.448770E+04,4.652323E-02,2.407952E+00,4.067541E+04,4.461486E+04,2.099201E+00,4.374632E+00,3.432033E+03,6.995774E+03,1.771267E-01,6.859501E-01
18:45:00,2.737202E+04,2.470628E+04,1.412730E+00,2.422589E+00,1.365656E+03,2.182832E+04,7.048721E-02,2.146959E+00,2.869790E+04,3.725800E+04,1.481162E+00,3.653086E+00,9.013604E+02,2.418439E+04,4.652298E-02,2.378095E+00,4.344461E+04,4.415525E+04,2.242068E+00,4.329555E+00,3.820112E+03,6.963703E+03,1.971524E-01,6.828040E-01
19:00:00,2.819951E+04,2.413527E+04,1.455425E+00,2.366585E+00,1.365655E+03,2.149436E+04,7.048718E-02,2.114073E+00,2.952607E+04,3.665445E+04,1.523891E+00,3.593900E+00,9.013559E+02,2.385186E+04,4.652274E-02,2.345363E+00,4.621639E+04,4.355930E+04,2.385028E+00,4.271108E+00,4.208434E+03,6.923969E+03,2.171891E-01,6.789066E-01
19:15:00,2.820189E+04,2.353451E+04,1.455527E+00,2.307664E+00,1.365655E+03,2.118081E+04,7.048718E-02,2.083188E+00,2.952842E+04,3.599466E+04,1.523991E+00,3.529197E+00,9.013521E+02,2.353966E+04,4.652255E-02,2.314626E+00,4.622433E+04,4.288829E+04,2.385318E+00,4.205300E+00,4.209268E+03,6.884223E+03,2.172261E-01,6.750081E-01
19:30:00,2.820445E+04,2.290157E+04,1.455636E+00,2.245588E+00,1.365657E+03,2.088747E+04,7.048726E-02,2.054299E+00,2.953097E+04,3.527398E+04,1.524097E+00,3.458527E+00,9.013498E+02,2.324755E+04,4.652243E-02,2.285873E+00,4.623176E+04,4.213645E+04,2.385581E+00,4.131567E+00,4.209839E+03,6.844177E+03,2.172504E-01,6.710804E-01
19:45:00,2.820657E+04,2.225196E+04,1.455725E+00,2.181881E+00,1.365660E+03,2.061435E+04,7.048743E-02,2.027404E+00,2.953304E+04,3.450313E+04,1.524182E+00,3.382939E+00,9.013496E+02,2.297547E+04,4.652242E-02,2.259097E+00,4.623722E+04,4.131300E+04,2.385768E+00,4.050816E+00,4.210458E+03,6.803595E+03,2.172778E-01,6.671007E-01
20:00:00,2.820810E+04,2.160006E+04,1.455788E+00,2.117952E+00,1.365666E+03,2.036143E+04,7.048773E-02,2.002498E+00,2.953451E+04,3.373351E+04,1.524242E+00,3.307474E+00,9.013519E+02,2.272337E+04,4.652254E-02,2.234289E+00,4.624047E+04,4.046671E+04,2.385883E+00,3.967827E+00,4.210909E+03,6.762304E+03,2.172977E-01,6.630516E-01
20:15:00,2.820918E+04,2.097811E+04,1.455834E+00,2.056944E+00,1.365674E+03,2.011776E+04,7.048815E-02,1.978502E+00,2.953554E+04,3.299588E+04,1.524285E+00,3.235150E+00,9.013569E+02,2.248031E+04,4.652280E-02,2.210372E+00,4.624250E+04,3.963005E+04,2.385964E+00,3.885786E+00,4.211256E+03,6.718525E+03,2.173133E-01,6.587586E-01
20:30:00,2.820996E+04,2.042265E+04,1.455868E+00,2.002450E+00,1.365684E+03,1.988363E+04,7.048866E-02,1.955443E+00,2.953628E+04,3.233374E+04,1.524317E+00,3.170231E+00,9.013640E+02,2.224662E+04,4.652316E-02,2.187378E+00,4.624393E+04,3.885070E+04,2.386029E+00,3.809368E+00,4.211531E+03,6.672463E+03,2.173260E-01,6.542417E-01
20:45:00,2.821053E+04,1.994021E+04,1.455894E+00,1.955115E+00,1.365695E+03,1.965952E+04,7.048922E-02,1.933368E+00,2.953683E+04,3.176430E+04,1.524341E+00,3.114406E+00,9.013728E+02,2.202284E+04,4.652362E-02,2.165358E+00,4.624503E+04,3.815274E+04,2.386083E+00,3.740935E+00,4.211755E+03,6.624539E+03,2.173366E-01,6.495423E-01
21:00:00,2.821095E+04,1.954996E+04,1.455913E+00,1.916821E+00,1.365706E+03,1.944600E+04,7.048981E-02,1.912335E+00,2.953725E+04,3.128000E+04,1.524361E+00,3.066932E+00,9.013826E+02,2.180959E+04,4.652412E-02,2.144374E+00,4.624591E+04,3.753551E+04,2.386127E+00,3.680421E+00,4.211940E+03,6.575300E+03,2.173455E-01,6.447139E-01
21:15:00,2.821127E+04,1.919934E+04,1.455928E+00,1.882430E+00,1.365717E+03,1.923242E+04,7.049039E-02,1.891296E+00,2.953760E+04,3.083665E+04,1.524377E+00,3.023473E+00,9.013929E+02,2.159623E+04,4.652466E-02,2.123382E+00,4.624663E+04,3.695885E+04,2.386163E+00,3.623888E+00,4.212093E+03,6.523510E+03,2.173529E-01,6.396355E-01
21:30:00,2.821151E+04,1.886849E+04,1.455939E+00,1.849986E+00,1.365728E+03,1.901917E+04,7.049094E-02,1.870289E+00,2.953788E+04,3.041375E+04,1.524390E+00,2.982017E+00,9.014035E+02,2.138311E+04,4.652520E-02,2.102412E+00,4.624722E+04,3.640288E+04,2.386192E+00,3.569380E+00,4.212222E+03,6.469613E+03,2.173593E-01,6.343505E-01
21:45:00,2.821170E+04,1.854678E+04,1.455948E+00,1.818437E+00,1.365738E+03,1.880637E+04,7.049144E-02,1.849328E+00,2.953811E+04,3.000276E+04,1.524402E+00,2.941727E+00,9.014140E+02,2.117032E+04,4.652575E-02,2.081473E+00,4.624771E+04,3.585743E+04,2.386217E+00,3.515903E+00,4.212331E+03,6.413892E+03,2.173646E-01,6.288866E-01
22:00:00,2.821185E+04,1.822967E+04,1.455955E+00,1.787338E+00,1.365747E+03,1.859405E+04,7.049190E-02,1.828415E+00,2.953831E+04,2.959995E+04,1.524412E+00,2.902237E+00,9.014244E+02,2.095783E+04,4.652628E-02,2.060563E+00,4.624813E+04,3.531713E+04,2.386238E+00,3.462928E+00,4.212423E+03,6.356546E+03,2.173693E-01,6.232635E-01
22:15:00,2.821196E+04,1.355438E+04,1.455961E+00,1.328944E+00,1.365755E+03,1.568374E+04,7.049231E-02,1.504902E+00,2.953849E+04,2.358054E+04,1.524421E+00,2.280525E+00,9.014346E+02,1.791546E+04,4.652681E-02,1.714182E+00,4.624850E+04,2.862724E+04,2.386257E+00,2.758775E+00,4.212503E+03,5.101177E+03,2.173733E-01,4.928084E-01
22:30:00,2.821206E+04,8.957206E+03,1.455966E+00,8.782098E-01,1.365762E+03,1.287646E+04,7.049267E-02,1.189883E+00,2.953866E+04,1.906337E+04,1.524429E+00,1.778954E+00,9.014445E+02,1.537533E+04,4.652732E-02,1.407656E+00,4.624884E+04,2.335499E+04,2.386274E+00,2.168371E+00,4.212572E+03,4.165616E+03,2.173768E-01,3.877845E-01
22:45:00,2.821214E+04,4.439028E+03,1.455970E+00,4.352232E-01,1.365768E+03,1.024016E+04,7.049299E-02,8.886793E-01,2.953881E+04,1.526919E+04,1.524436E+00,1.333520E+00,9.014542E+02,1.294096E+04,4.652782E-02,1.109664E+00,4.624914E+04,1.872224E+04,2.386290E+00,1.628516E+00,4.212633E+03,3.357332E+03,2.173799E-01,2.925257E-01
23:00:00,2.821221E+04,5.530006E+02,1.455973E+00,4.306700E-02,1.365773E+03,7.746992E+03,7.049326E-02,5.996339E-01,2.953895E+04,1.183224E+04,1.524444E+00,9.168946E-01,9.014636E+02,1.063774E+04,4.652831E-02,8.228730E-01,4.624941E+04,1.448590E+04,2.386304E+00,1.121453E+00,4.212688E+03,2.618354E+03,2.173826E-01,2.027785E-01
23:15:00,2.821227E+04,1.537136E+03,1.455976E+00,1.189963E-01,1.365778E+03,8.031725E+03,7.049351E-02,6.204710E-01,2.953908E+04,1.422007E+04,1.524450E+00,1.100686E+00,9.014728E+02,1.123083E+04,4.652878E-02,8.677625E-01,4.624966E+04,1.661208E+04,2.386317E+00,1.284831E+00,4.212736E+03,3.115473E+03,2.173851E-01,2.410836E-01
23:30:00,2.821232E+04,1.979519E+03,1.455978E+00,1.531297E-01,1.365782E+03,8.276361E+03,7.049372E-02,6.388185E-01,2.953920E+04,1.522361E+04,1.524457E+00,1.175583E+00,9.014818E+02,1.137553E+04,4.652924E-02,8.780973E-01,4.624990E+04,1.743701E+04,2.386329E+00,1.346327E+00,4.212780E+03,3.313079E+03,2.173874E-01,2.558303E-01
23:45:00,2.821236E+04,2.598074E+03,1.455981E+00,2.008528E-01,1.365786E+03,8.412659E+03,7.049390E-02,6.493001E-01,2.953932E+04,1.559113E+04,1.524463E+00,1.203128E+00,9.014905E+02,1.146984E+04,4.652970E-02,8.852801E-01,4.625012E+04,1.772251E+04,2.386341E+00,1.367815E+00,4.212820E+03,3.399740E+03,2.173894E-01,2.623773E-01
24:00:00,2.821240E+04,2.661085E+03,1.455983E+00,2.053138E-01,1.365789E+03,8.465553E+03,7.049407E-02,6.533512E-01,2.953944E+04,1.568048E+04,1.524469E+00,1.210014E+00,9.014991E+02,1.148694E+04,4.653014E-02,8.865419E-01,4.625033E+04,1.770274E+04,2.386351E+00,1.366348E+00,4.212857E+03,3.431874E+03,2.173913E-01,2.648636E-01
Peak,2.821279E+04,2.724023E+04,1.456003E+00,2.671147E+00,1.365823E+03,2.439260E+04,7.049581E-02,2.399438E+00,2.954114E+04,3.931484E+04,1.524556E+00,3.854820E+00,9.016819E+02,2.673842E+04,4.653957E-02,2.629540E+00,4.625313E+04,4.556565E+04,2.386496E+00,4.467909E+00,4.213344E+03,7.057805E+03,2.174164E-01,6.920374E-01

Peak Vol Flow (m3/s),,,1.239695E+00,2.274314E+00,,,6.002275E-02,2.042971E+00,,,1.298064E+00,3.282137E+00,,,3.962552E-02,2.238888E+00,,,2.031951E+00,3.804143E+00,,,1.851164E-01,5.892264E-01
